{
  "Prime Sieve (CPU/Memory)": {
    "JavaScript": [
      0.04597798983256022,
      57.546875,
      0
    ],
    "Python++": [
      0.05545806884765625,
      33.489583333333336,
      0
    ],
    "Java": [
      0.0568243662516276,
      48.927083333333336,
      0
    ],
    "Rust": [
      0.06377744674682617,
      10.994791666666666,
      0
    ],
    "C": [
      0.06807971000671387,
      10.84375,
      0
    ],
    "Go": [
      0.07572229703267415,
      13.864583333333334,
      0
    ],
    "Swift": [
      0.07815941174825032,
      11.125,
      0
    ],
    "C++": [
      0.08282828330993652,
      2.484375,
      0
    ],
    "Python": [
      0.12357195218404134,
      221.33333333333334,
      0
    ],
    "Zig": [
      0.12791967391967773,
      10.796875,
      0
    ]
  },
  "Fibonacci (Recursion/Stack)": {
    "Java": [
      0.17185608545939127,
      39.098958333333336,
      0
    ],
    "C": [
      0.21664722760518393,
      1.265625,
      0
    ],
    "C++": [
      0.2174705664316813,
      1.2864583333333333,
      0
    ],
    "Swift": [
      0.2818085352579753,
      1.5625,
      0
    ],
    "Rust": [
      0.2892568111419678,
      1.453125,
      0
    ],
    "Go": [
      0.30862728754679364,
      3.6614583333333335,
      0
    ],
    "Zig": [
      0.31453466415405273,
      1.28125,
      0
    ],
    "Assembly": [
      0.4762330849965413,
      1.265625,
      0
    ],
    "JavaScript": [
      0.5738237698872884,
      46.958333333333336,
      0
    ],
    "Python": [
      7.3146599133809405,
      11.927083333333334,
      0
    ],
    "Python++": [
      7.603689034779866,
      11.927083333333334,
      0
    ]
  },
  "Binary Tree (Alloc/GC)": {
    "JavaScript": [
      0.038189967473347984,
      114.86979166666667,
      0
    ],
    "Java": [
      0.03978157043457031,
      108.0625,
      0
    ],
    "Zig": [
      0.1455566088358561,
      33.546875,
      0
    ],
    "Rust": [
      0.15554316838582358,
      33.619791666666664,
      0
    ],
    "Swift": [
      0.15599807103474936,
      65.8125,
      0
    ],
    "C": [
      0.16340009371439615,
      17.359375,
      0
    ],
    "Go": [
      0.2347883383433024,
      22.177083333333332,
      0
    ],
    "C++": [
      0.24150522549947104,
      17.380208333333332,
      0
    ],
    "Python": [
      0.7108953793843588,
      60.135416666666664,
      0
    ],
    "Python++": [
      0.7138580481211344,
      60.125,
      0
    ]
  },
  "Word Count (String/Hash)": {
    "Zig": [
      0.23815631866455078,
      93.796875,
      0
    ],
    "Rust": [
      0.2740777333577474,
      51.5,
      0
    ],
    "C": [
      0.38616442680358887,
      1.2708333333333333,
      0
    ],
    "Go": [
      0.43999354044596356,
      9.15625,
      0
    ],
    "C++": [
      0.44447652498881024,
      1.296875,
      0
    ],
    "Java": [
      0.5209902127583822,
      853.0625,
      0
    ],
    "Python": [
      0.5481234391530355,
      529.78125,
      0
    ],
    "Python++": [
      0.550983746846517,
      529.8020833333334,
      0
    ],
    "JavaScript": [
      0.6828749974568685,
      672.1197916666666,
      0
    ],
    "Swift": [
      2.5810136795043945,
      356.609375,
      0
    ]
  },
  "Matrix Mul (Numeric)": {
    "Python++": [
      0.05871399243672689,
      29.828125,
      0
    ],
    "Java": [
      0.06061244010925293,
      45.723958333333336,
      0
    ],
    "Assembly": [
      0.1346883773803711,
      7.296875,
      0
    ],
    "Zig": [
      0.1360612710316976,
      7.28125,
      0
    ],
    "JavaScript": [
      0.15234613418579102,
      55.598958333333336,
      0
    ],
    "C": [
      0.2311070760091146,
      7.296875,
      0
    ],
    "Rust": [
      0.2390117645263672,
      7.515625,
      0
    ],
    "Go": [
      0.24298961957295737,
      10.34375,
      0
    ],
    "C++": [
      0.25187285741170246,
      7.338541666666667,
      0
    ],
    "Swift": [
      0.29984203974405926,
      7.734375,
      0
    ],
    "Python": [
      3.575336774190267,
      26.208333333333332,
      0
    ]
  },
  "Concurrency (Spawn)": {
    "JavaScript": [
      0.04136498769124349,
      80.93229166666667,
      0
    ],
    "Java": [
      0.07281851768493652,
      60.984375,
      0
    ],
    "C": [
      0.14159067471822104,
      16.916666666666668,
      0
    ],
    "C++": [
      0.14511529604593912,
      17.005208333333332,
      0
    ],
    "Zig": [
      0.1482686996459961,
      16.942708333333332,
      0
    ],
    "Swift": [
      0.15468915303548178,
      15.947916666666666,
      0
    ],
    "Rust": [
      0.15557368596394858,
      15.234375,
      0
    ],
    "Go": [
      0.1599555810292562,
      8.067708333333334,
      0
    ],
    "Python": [
      0.32111962636311847,
      111.875,
      0
    ],
    "Python++": [
      0.33306407928466797,
      113.04166666666667,
      0
    ]
  },
  "Graphics (Mandelbrot)": {
    "Zig": [
      0.11629470189412434,
      1.296875,
      0
    ],
    "JavaScript": [
      0.617459217707316,
      54.213541666666664,
      0
    ],
    "Java": [
      0.6500942707061768,
      38.890625,
      0
    ],
    "C++": [
      0.6737140019734701,
      5.3125,
      0
    ],
    "Go": [
      0.6852453549702963,
      8.328125,
      0
    ],
    "C": [
      0.68760085105896,
      5.302083333333333,
      0
    ],
    "Rust": [
      0.712611198425293,
      5.46875,
      0
    ],
    "Swift": [
      0.7527311642964681,
      1.53125,
      0
    ],
    "Python++": [
      3.1048449675242105,
      261.0104166666667,
      0
    ],
    "Python": [
      19.42339571317037,
      16.104166666666668,
      0
    ]
  }
}